google_place_id,name,category,primary_type,primary_type_name,activities,activity_type,lat,lon,address,rating,rating_count,price_level,business_status,website,google_maps_url,all_types,found_via_category,found_via_cell
ChIJefiKVYxJBTERxo9lg86BCH8,Smokin' Pot Authentic Cambodian Restaurant and Cooking School,coffee,restaurant,Restaurant,coffee,coffee,13.1008111,103.1988512,"Street 1.5, Krong Battambang, Cambodia",4.9,1098,PRICE_LEVEL_INEXPENSIVE,OPERATIONAL,https://smokin-pot.com/,https://maps.google.com/?cid=9153708966598250438&g_mp=Cilnb29nbGUubWFwcy5wbGFjZXMudjEuUGxhY2VzLlNlYXJjaE5lYXJieRACGAQgAA,restaurant;cafe;food;point_of_interest;establishment,cafe,Battambang town
ChIJMc4ZQPNJBTERfqWFw_PSFvk,Cafe HOC,coffee,cafe,Cafe,coffee,coffee,13.1015719,103.1956862,"452W+J7F, Street 106, Krong Battambang, Cambodia",4.8,620,PRICE_LEVEL_INEXPENSIVE,OPERATIONAL,https://hopeofchildren.net/,https://maps.google.com/?cid=17948765309330892158&g_mp=Cilnb29nbGUubWFwcy5wbGFjZXMudjEuUGxhY2VzLlNlYXJjaE5lYXJieRACGAQgAA,cafe;breakfast_restaurant;restaurant;food;point_of_interest;establishment,cafe,Battambang town
ChIJwfep2NFJBTERFSm5OH4cGmQ,Boost Coffee ＆ Bistro,coffee,restaurant,Restaurant,coffee,coffee,13.1062715,103.1963098,"Street 106, Krong Battambang, Cambodia",4.8,282,,OPERATIONAL,https://www.facebook.com/profile.php?id=100063745353345&mibextid=ZbWKwL,https://maps.google.com/?cid=7213109081630386453&g_mp=Cilnb29nbGUubWFwcy5wbGFjZXMudjEuUGxhY2VzLlNlYXJjaE5lYXJieRACGAQgAA,restaurant;beer_garden;bistro;coffee_shop;cafe;food_store;store;bar;food;point_of_interest;establishment,coffee_shop,Battambang town
ChIJwb8m__JJBTERxOhxfgAfyQ0,The Fringe Cafe & Yoga Studio,coffee,restaurant,Restaurant,coffee,coffee,13.0980109,103.19751889999999,"172 Street 2, 5, Krong Battambang 02360, Cambodia",4.8,280,,OPERATIONAL,http://www.thefringex.org/,https://maps.google.com/?cid=993359279793760452&g_mp=Cilnb29nbGUubWFwcy5wbGFjZXMudjEuUGxhY2VzLlNlYXJjaE5lYXJieRACGAQgAA,vegan_restaurant;beer_garden;juice_shop;vegetarian_restaurant;yoga_studio;fitness_center;salad_shop;mediterranean_restaurant;coffee_shop;sports_complex;gym;cafe;food_store;store;sports_school;sports_activity_location;health;bar;restaurant;food;point_of_interest;establishment,coffee_shop,Battambang town
ChIJIfytkY5JBTERof9PJnKo4wA,Romcheik 5 Artspace & Café,coffee,art_museum,Art museum,coffee,coffee,13.0994025,103.2036183,"Street 201A, Krong Battambang, Cambodia",4.7,507,,OPERATIONAL,https://bio.link/romcheik5artcafe,https://maps.google.com/?cid=64080027935834017&g_mp=Cilnb29nbGUubWFwcy5wbGFjZXMudjEuUGxhY2VzLlNlYXJjaE5lYXJieRACGAQgAA,art_museum;tourist_attraction;coffee_shop;cafe;art_gallery;food_store;store;museum;restaurant;food;point_of_interest;establishment,coffee_shop,Battambang town
ChIJ32YQh9lLBTERgapKOe8oAaM,Rx'd Cafe and Restaurant,coffee,restaurant,Restaurant,coffee,coffee,13.110563899999999,103.2054082,"Street 507, Krong Battambang, Cambodia",4.8,183,,OPERATIONAL,https://www.facebook.com/share/1LVNvrxrE4/?mibextid=wwXIfr,https://maps.google.com/?cid=11745714311082453633&g_mp=Cilnb29nbGUubWFwcy5wbGFjZXMudjEuUGxhY2VzLlNlYXJjaE5lYXJieRACGAQgAA,restaurant;cafe;food;point_of_interest;establishment,cafe,Bamboo train / Ek Phnom
ChIJwQvTNc5JBTERS4zoLRtYQ5c,SCIALLA Cafe & eatery,coffee,pizza_restaurant,Pizza Restaurant,coffee,coffee,13.094816499999999,103.2020501,"Street 209, Krong Battambang 021403, Cambodia",4.9,78,,OPERATIONAL,,https://maps.google.com/?cid=10899652396924308555&g_mp=Cilnb29nbGUubWFwcy5wbGFjZXMudjEuUGxhY2VzLlNlYXJjaE5lYXJieRACGAQgAA,pizza_restaurant;coffee_shop;cafe;food_store;store;restaurant;food;point_of_interest;establishment,coffee_shop,Battambang town
ChIJ4YKD8oxJBTERXhWg5v4ApbE,The Gecko Battambang,coffee,restaurant,Restaurant,coffee,coffee,13.058118300000002,103.1960289,"Krong Battambang, Cambodia",4.7,173,,OPERATIONAL,https://www.facebook.com/TheGeckoBattambang/,https://maps.google.com/?cid=12800638610661447006&g_mp=Cilnb29nbGUubWFwcy5wbGFjZXMudjEuUGxhY2VzLlNlYXJjaE5lYXJieRACGAQgAA,restaurant;coffee_roastery;coffee_shop;cafe;jewelry_store;food_store;store;food;point_of_interest;establishment,coffee_shop,Battambang town
ChIJ70MALo1JBTERyT8FjL_Puks,The Lonely Tree Café,coffee,cafe,Cafe,coffee,coffee,13.1000286,103.1978763,"No. 56, Street 2.5, Krong Battambang, Cambodia",4.6,702,PRICE_LEVEL_INEXPENSIVE,OPERATIONAL,http://www.thelonelytreecafe.com/,https://maps.google.com/?cid=5456902320107634633&g_mp=Cilnb29nbGUubWFwcy5wbGFjZXMudjEuUGxhY2VzLlNlYXJjaE5lYXJieRACGAQgAA,cafe;store;restaurant;food;point_of_interest;establishment,cafe,Battambang town
ChIJQcjRFOxJBTERTFRkxbPwqWA,Ktrey-Ktrok,coffee,cafe,Cafe,coffee,coffee,13.1012656,103.19903479999999,"194 Rd No 2, Krong Battambang, Cambodia",4.6,131,,OPERATIONAL,https://web.facebook.com/ktrektrok,https://maps.google.com/?cid=6965362953606681676&g_mp=Cilnb29nbGUubWFwcy5wbGFjZXMudjEuUGxhY2VzLlNlYXJjaE5lYXJieRACGAQgAA,cafe;food;point_of_interest;establishment,cafe,Battambang town
ChIJKwiQxE81BTERTaA6ypT_T9w,Kaiyo Cafe & Eatery | ខៃយ៉ូ,coffee,cafe,Cafe,coffee,coffee,13.1115625,103.16568749999999,"4568+J79, Krong Battambang 021409, Cambodia",4.6,50,,OPERATIONAL,https://kaiyocafe.carrd.co/,https://maps.google.com/?cid=15875188226017370189&g_mp=Cilnb29nbGUubWFwcy5wbGFjZXMudjEuUGxhY2VzLlNlYXJjaE5lYXJieRACGAQgAA,cafe;coffee_shop;food_store;store;restaurant;food;point_of_interest;establishment,coffee_shop,Battambang town
ChIJj06KWTc5BTERlc_LVyaf5Fc,Arivana Coffee and Eatery,coffee,coffee_shop,Coffee Shop,coffee,coffee,13.0221459,103.0847842,"57, Krong Battambang, Cambodia",4.6,23,,OPERATIONAL,,https://maps.google.com/?cid=6333361963020308373&g_mp=Cilnb29nbGUubWFwcy5wbGFjZXMudjEuUGxhY2VzLlNlYXJjaE5lYXJieRACGAQgAA,coffee_shop;cafe;food_store;store;food;point_of_interest;establishment,coffee_shop,Battambang town
ChIJCSWeobBJBTERW05XWMKS2t4,Willow Villa Cafe - វីលឡូ កាហ្វេ,coffee,coffee_shop,Coffee Shop,coffee,coffee,13.0912554,103.2040097,"Phum, St 300, Krong Battambang 021402, Cambodia",4.5,28,,OPERATIONAL,,https://maps.google.com/?cid=16058308784746352219&g_mp=Cilnb29nbGUubWFwcy5wbGFjZXMudjEuUGxhY2VzLlNlYXJjaE5lYXJieRACGAQgAA,coffee_shop;cafe;food_store;store;food;point_of_interest;establishment,coffee_shop,Battambang town
ChIJH8mxNx5JBTERXIsT7rCtJ5w,Pka Chan Café,coffee,coffee_shop,Coffee Shop,coffee,coffee,13.086680399999999,103.210923,"204, Krong Battambang, Cambodia",4.5,51,,OPERATIONAL,,https://maps.google.com/?cid=11252153169428581212&g_mp=Cilnb29nbGUubWFwcy5wbGFjZXMudjEuUGxhY2VzLlNlYXJjaE5lYXJieRACGAQgAA,coffee_shop;cafe;food_store;store;restaurant;food;point_of_interest;establishment,coffee_shop,Battambang town
ChIJsw7OZVFJBTERT9Vr-g0K5wo,Starbucks Cafe,coffee,coffee_shop,Coffee Shop,coffee,coffee,13.090838999999999,103.2090415,"36R5+8GF, Krong Battambang, Cambodia",4.5,120,PRICE_LEVEL_MODERATE,OPERATIONAL,,https://maps.google.com/?cid=785607715151664463&g_mp=Cilnb29nbGUubWFwcy5wbGFjZXMudjEuUGxhY2VzLlNlYXJjaE5lYXJieRACGAQgAA,coffee_shop;cafe;food_store;store;food;point_of_interest;establishment,coffee_shop,Battambang town
ChIJUbLmIktLBTERHSTLnrGoa2c,ដង្ខៅ កាហ្វេ - Dang Khao Café,coffee,cafeteria,Cafeteria,coffee,coffee,13.117294,103.2044294,"Street 512, Krong Battambang, Cambodia",4.4,20,,OPERATIONAL,,https://maps.google.com/?cid=7452235489241408541&g_mp=Cilnb29nbGUubWFwcy5wbGFjZXMudjEuUGxhY2VzLlNlYXJjaE5lYXJieRACGAQgAA,cafeteria;coffee_shop;cafe;food_store;store;food;point_of_interest;establishment,coffee_shop,Battambang town
ChIJwajhqnxJBTERelIlzA2m7cU,Chbar Mort Stoeng,coffee,restaurant,Restaurant,coffee,coffee,13.0243494,103.1867371,"155 Battambang, 02360, Cambodia",4.4,50,,OPERATIONAL,,https://maps.google.com/?cid=14262238173142012538&g_mp=Cilnb29nbGUubWFwcy5wbGFjZXMudjEuUGxhY2VzLlNlYXJjaE5lYXJieRACGAQgAA,restaurant;coffee_shop;cafe;food_store;store;food;point_of_interest;establishment,coffee_shop,Battambang town
ChIJp-KRcwBJBTERa-s2cm1arxw,LAB COFFEE BATTAMBANG,coffee,coffee_shop,Coffee Shop,coffee,coffee,13.1033163,103.19778459999999,"408 Rd No 3, Krong Battambang, Cambodia",4.2,29,,OPERATIONAL,,https://maps.google.com/?cid=2066970180100483947&g_mp=Cilnb29nbGUubWFwcy5wbGFjZXMudjEuUGxhY2VzLlNlYXJjaE5lYXJieRACGAQgAA,coffee_shop;cafe;food_store;store;food;point_of_interest;establishment,coffee_shop,Battambang town
ChIJBS2NT4tJBTERLYPaxaH_Irs,"THE PLACE Restaurant, Cafe, Bar, Breakfast Lunch Dinner, Vegetarian & Vegan Battambang",coffee,restaurant,Restaurant,coffee,coffee,13.1035731,103.1979042,"53 Rd No 3, Krong Battambang, Cambodia",4.4,90,,OPERATIONAL,https://www.theplacehostels.com/,https://maps.google.com/?cid=13484621304574935853&g_mp=Cilnb29nbGUubWFwcy5wbGFjZXMudjEuUGxhY2VzLlNlYXJjaE5lYXJieRACGAQgAA,restaurant;vegan_restaurant;vegetarian_restaurant;coffee_shop;cafe;food_store;cocktail_bar;bar;store;food;point_of_interest;establishment,coffee_shop,Bamboo train / Ek Phnom
ChIJWxkoGs1JBTERRvalWA5KJSU,Ryssaei 999 Coffee Shop,coffee,coffee_shop,Coffee Shop,coffee,coffee,13.0808307,103.2023522,"36J2+4RW, Krong Battambang, Cambodia",4.2,44,,OPERATIONAL,,https://maps.google.com/?cid=2676626979018896966&g_mp=Cilnb29nbGUubWFwcy5wbGFjZXMudjEuUGxhY2VzLlNlYXJjaE5lYXJieRACGAQgAA,coffee_shop;cafe;food_store;store;food;point_of_interest;establishment,coffee_shop,Bamboo train / Ek Phnom
ChIJ5c7IqHpJBTERInLl3AaffTo,TUBE COFFEE Battambang,coffee,coffee_shop,Coffee Shop,coffee,coffee,13.1065483,103.19754809999999,"454X+J27, Krong Battambang, Cambodia",4.3,71,,OPERATIONAL,https://www.facebook.com/TubeCoffeeCambodia/,https://maps.google.com/?cid=4214699678113296930&g_mp=Cilnb29nbGUubWFwcy5wbGFjZXMudjEuUGxhY2VzLlNlYXJjaE5lYXJieRACGAQgAA,coffee_shop;cafe;food_store;store;food;point_of_interest;establishment,coffee_shop,Battambang town
ChIJDxZhcl43BTERthBTnJBicKM,ស្រែស្រូវកាហ្វេ,coffee,coffee_shop,Coffee Shop,coffee,coffee,13.1208115,103.12985350000001,"ផ្លូវសុវត្ថា, ភូមិ​ជ្រៃ, Cambodia",4.3,110,,OPERATIONAL,,https://maps.google.com/?cid=11777021398811349174&g_mp=Cilnb29nbGUubWFwcy5wbGFjZXMudjEuUGxhY2VzLlNlYXJjaE5lYXJieRACGAQgAA,coffee_shop;cafe;food_store;store;food;point_of_interest;establishment,coffee_shop,Battambang town
ChIJZ6-LT4tJBTER3QUn4BeYA-M,THE PLACE Hostel Battambang,coffee,hostel,Hostel,coffee,coffee,13.1035518,103.197935,"53 Rd No 3, Krong Battambang, Cambodia",4.4,417,,OPERATIONAL,https://www.theplacehostels.com/,https://maps.google.com/?cid=16358085499852096989&g_mp=Cilnb29nbGUubWFwcy5wbGFjZXMudjEuUGxhY2VzLlNlYXJjaE5lYXJieRACGAQgAA,hostel;tour_agency;cafe;hotel;travel_agency;transportation_service;bar;lodging;service;restaurant;food;point_of_interest;establishment,cafe,Battambang town
ChIJg3KQYL1JBTERJ8BQEQceVRs,Thnong Café,coffee,coffee_shop,Coffee Shop,coffee,coffee,13.0844087,103.1817617,"35MJ+VMC, Krong Battambang, Cambodia",4.2,122,,OPERATIONAL,https://t.me/thnongcafe,https://maps.google.com/?cid=1969513427748569127&g_mp=Cilnb29nbGUubWFwcy5wbGFjZXMudjEuUGxhY2VzLlNlYXJjaE5lYXJieRACGAQgAA,coffee_shop;cafe;food_store;store;food;point_of_interest;establishment,coffee_shop,Battambang town
ChIJi9ioysVJBTERuzDdggNm3n0,ទី-ណាត់ Ti-NAAT,coffee,restaurant,Restaurant,coffee,coffee,13.093832899999999,103.2017084,"Street 210, Krong Battambang, Cambodia",4.3,234,,OPERATIONAL,,https://maps.google.com/?cid=9069798864837226683&g_mp=Cilnb29nbGUubWFwcy5wbGFjZXMudjEuUGxhY2VzLlNlYXJjaE5lYXJieRACGAQgAA,restaurant;coffee_shop;cafe;food_store;store;pub;bar;food;point_of_interest;establishment,coffee_shop,Battambang town
ChIJW-QAvuxJBTERH4xseI2knTc,Zara Coffee,coffee,coffee_shop,Coffee Shop,coffee,coffee,13.0925917,103.20854899999999,"36V5+2CM, Krong Battambang, Cambodia",4.2,202,,OPERATIONAL,,https://maps.google.com/?cid=4007540170947333151&g_mp=Cilnb29nbGUubWFwcy5wbGFjZXMudjEuUGxhY2VzLlNlYXJjaE5lYXJieRACGAQgAA,coffee_shop;cafe;food_store;store;food;point_of_interest;establishment,coffee_shop,Battambang town
